{
    "$schema": "https://schema.management.azure.com/schemas/2015-01-01/deploymentParameters.json#",
    "contentVersion": "1.0.0.0",
    "parameters": {
        "subscriptionId": {
            "value": "916b0659-c6c5-43ef-87ee-1af977ad2630"
        },
        "name": {
            "value": "altenfmapi"
        },
        "location": {
            "value": "North Europe"
        },
        "hostingEnvironment": {
            "value": ""
        },
        "hostingPlanName": {
            "value": "LP-FleetManagement"
        },
        "serverFarmResourceGroup": {
            "value": "RG_FleetManagement"
        },
        "alwaysOn": {
            "value": false
        },
        "sku": {
            "value": "Free"
        },
        "skuCode": {
            "value": "F1"
        },
        "workerSize": {
            "value": "0"
        },
        "workerSizeId": {
            "value": "0"
        },
        "numberOfWorkers": {
            "value": "1"
        },
        "linuxFxVersion": {
            "value": "DOTNETCORE|3.0"
        }
    }
}